"","countries","year","variable","value","type"
"1","Australia",1990,"firm_uni_share",0.190909090909091,"several"
"2","Australia",1991,"firm_uni_share",0.17741935483871,"several"
"3","Australia",1992,"firm_uni_share",0.231638418079096,"several"
"4","Australia",1993,"firm_uni_share",0.213270142180095,"several"
"5","Australia",1994,"firm_uni_share",0.254716981132075,"several"
"6","Australia",1995,"firm_uni_share",0.233766233766234,"several"
"7","Australia",1996,"firm_uni_share",0.376623376623377,"several"
"8","Australia",1997,"firm_uni_share",0.369281045751634,"several"
"9","Australia",1998,"firm_uni_share",0.39937106918239,"several"
"10","Australia",1999,"firm_uni_share",0.412103746397695,"several"
"11","Australia",2000,"firm_uni_share",0.345911949685535,"several"
"12","Australia",2001,"firm_uni_share",0.39031339031339,"several"
"13","Australia",2002,"firm_uni_share",0.39527027027027,"several"
"14","Australia",2003,"firm_uni_share",0.405228758169935,"several"
"15","Australia",2004,"firm_uni_share",0.411602209944751,"several"
"16","Australia",2005,"firm_uni_share",0.435158501440922,"several"
"17","Australia",2006,"firm_uni_share",0.429906542056075,"several"
"18","Australia",2007,"firm_uni_share",0.481081081081081,"several"
"19","Australia",2008,"firm_uni_share",0.498687664041995,"several"
"20","Australia",2009,"firm_uni_share",0.45771144278607,"several"
"21","Australia",2010,"firm_uni_share",0.517241379310345,"several"
"22","Australia",2011,"firm_uni_share",0.491031390134529,"several"
"23","Australia",2012,"firm_uni_share",0.526548672566372,"several"
"24","Australia",2013,"firm_uni_share",0.473782771535581,"several"
"25","Australia",2014,"firm_uni_share",0.52191235059761,"several"
"26","Australia",2015,"firm_uni_share",0.537477148080439,"several"
"27","Australia",2016,"firm_uni_share",0.554,"several"
"28","Australia",2017,"firm_uni_share",0.572748267898383,"several"
"29","Australia",2018,"firm_uni_share",0.595238095238095,"several"
"30","Australia",2019,"firm_uni_share",0.524489795918367,"several"
"31","Australia",2020,"firm_uni_share",0.577909270216962,"several"
"32","Australia",2021,"firm_uni_share",0.652173913043478,"several"
"33","Canada",1990,"firm_uni_share",0.133093525179856,"several"
"34","Canada",1991,"firm_uni_share",0.188449848024316,"several"
"35","Canada",1992,"firm_uni_share",0.17741935483871,"several"
"36","Canada",1993,"firm_uni_share",0.172897196261682,"several"
"37","Canada",1994,"firm_uni_share",0.2465483234714,"several"
"38","Canada",1995,"firm_uni_share",0.192307692307692,"several"
"39","Canada",1996,"firm_uni_share",0.281782437745741,"several"
"40","Canada",1997,"firm_uni_share",0.332882273342355,"several"
"41","Canada",1998,"firm_uni_share",0.327116212338594,"several"
"42","Canada",1999,"firm_uni_share",0.300287356321839,"several"
"43","Canada",2000,"firm_uni_share",0.315934065934066,"several"
"44","Canada",2001,"firm_uni_share",0.279279279279279,"several"
"45","Canada",2002,"firm_uni_share",0.29601226993865,"several"
"46","Canada",2003,"firm_uni_share",0.357142857142857,"several"
"47","Canada",2004,"firm_uni_share",0.349095966620306,"several"
"48","Canada",2005,"firm_uni_share",0.355227882037534,"several"
"49","Canada",2006,"firm_uni_share",0.382619974059663,"several"
"50","Canada",2007,"firm_uni_share",0.331695331695332,"several"
"51","Canada",2008,"firm_uni_share",0.339973439575033,"several"
"52","Canada",2009,"firm_uni_share",0.375314861460957,"several"
"53","Canada",2010,"firm_uni_share",0.369674185463659,"several"
"54","Canada",2011,"firm_uni_share",0.341869398207426,"several"
"55","Canada",2012,"firm_uni_share",0.3515625,"several"
"56","Canada",2013,"firm_uni_share",0.398315282791817,"several"
"57","Canada",2014,"firm_uni_share",0.411907654921021,"several"
"58","Canada",2015,"firm_uni_share",0.409836065573771,"several"
"59","Canada",2016,"firm_uni_share",0.46218487394958,"several"
"60","Canada",2017,"firm_uni_share",0.467406380027739,"several"
"61","Canada",2018,"firm_uni_share",0.461329715061058,"several"
"62","Canada",2019,"firm_uni_share",0.488693467336683,"several"
"63","Canada",2020,"firm_uni_share",0.502695417789757,"several"
"64","Canada",2021,"firm_uni_share",0.518617021276596,"several"
"65","China",1990,"firm_uni_share",0.217391304347826,"several"
"66","China",1991,"firm_uni_share",0.130434782608696,"several"
"67","China",1992,"firm_uni_share",0.241379310344828,"several"
"68","China",1993,"firm_uni_share",0.0444444444444444,"several"
"69","China",1994,"firm_uni_share",0.0714285714285714,"several"
"70","China",1995,"firm_uni_share",0.0916030534351145,"several"
"71","China",1996,"firm_uni_share",0.117647058823529,"several"
"72","China",1997,"firm_uni_share",0.0763636363636364,"several"
"73","China",1998,"firm_uni_share",0.115068493150685,"several"
"74","China",1999,"firm_uni_share",0.076271186440678,"several"
"75","China",2000,"firm_uni_share",0.115992970123023,"several"
"76","China",2001,"firm_uni_share",0.0811232449297972,"several"
"77","China",2002,"firm_uni_share",0.077991452991453,"several"
"78","China",2003,"firm_uni_share",0.114457831325301,"several"
"79","China",2004,"firm_uni_share",0.121791370835609,"several"
"80","China",2005,"firm_uni_share",0.115400581154006,"several"
"81","China",2006,"firm_uni_share",0.127260320709655,"several"
"82","China",2007,"firm_uni_share",0.150591715976331,"several"
"83","China",2008,"firm_uni_share",0.16980198019802,"several"
"84","China",2009,"firm_uni_share",0.173413063477461,"several"
"85","China",2010,"firm_uni_share",0.188517566409597,"several"
"86","China",2011,"firm_uni_share",0.204930966469428,"several"
"87","China",2012,"firm_uni_share",0.212992191393919,"several"
"88","China",2013,"firm_uni_share",0.225744899456921,"several"
"89","China",2014,"firm_uni_share",0.253406358535934,"several"
"90","China",2015,"firm_uni_share",0.261495304305403,"several"
"91","China",2016,"firm_uni_share",0.286134358742366,"several"
"92","China",2017,"firm_uni_share",0.288572651401669,"several"
"93","China",2018,"firm_uni_share",0.31005992373343,"several"
"94","China",2019,"firm_uni_share",0.308488446726573,"several"
"95","China",2020,"firm_uni_share",0.328629032258065,"several"
"96","China",2021,"firm_uni_share",0.326239242110881,"several"
"97","France",1990,"firm_uni_share",0.267379679144385,"several"
"98","France",1991,"firm_uni_share",0.27,"several"
"99","France",1992,"firm_uni_share",0.246315789473684,"several"
"100","France",1993,"firm_uni_share",0.248587570621469,"several"
"101","France",1994,"firm_uni_share",0.355694227769111,"several"
"102","France",1995,"firm_uni_share",0.312584573748309,"several"
"103","France",1996,"firm_uni_share",0.420158550396376,"several"
"104","France",1997,"firm_uni_share",0.455445544554455,"several"
"105","France",1998,"firm_uni_share",0.439325842696629,"several"
"106","France",1999,"firm_uni_share",0.494674556213018,"several"
"107","France",2000,"firm_uni_share",0.450439146800502,"several"
"108","France",2001,"firm_uni_share",0.447969543147208,"several"
"109","France",2002,"firm_uni_share",0.447229551451187,"several"
"110","France",2003,"firm_uni_share",0.49234693877551,"several"
"111","France",2004,"firm_uni_share",0.547586206896552,"several"
"112","France",2005,"firm_uni_share",0.546035805626598,"several"
"113","France",2006,"firm_uni_share",0.567267683772538,"several"
"114","France",2007,"firm_uni_share",0.620320855614973,"several"
"115","France",2008,"firm_uni_share",0.651982378854626,"several"
"116","France",2009,"firm_uni_share",0.706293706293706,"several"
"117","France",2010,"firm_uni_share",0.720478325859492,"several"
"118","France",2011,"firm_uni_share",0.698507462686567,"several"
"119","France",2012,"firm_uni_share",0.723611111111111,"several"
"120","France",2013,"firm_uni_share",0.760416666666667,"several"
"121","France",2014,"firm_uni_share",0.768518518518518,"several"
"122","France",2015,"firm_uni_share",0.772511848341232,"several"
"123","France",2016,"firm_uni_share",0.77938808373591,"several"
"124","France",2017,"firm_uni_share",0.734662576687117,"several"
"125","France",2018,"firm_uni_share",0.731707317073171,"several"
"126","France",2019,"firm_uni_share",0.719754977029097,"several"
"127","France",2020,"firm_uni_share",0.643712574850299,"several"
"128","France",2021,"firm_uni_share",0.66566265060241,"several"
"129","Germany",1990,"firm_uni_share",0.161375661375661,"several"
"130","Germany",1991,"firm_uni_share",0.147869674185464,"several"
"131","Germany",1992,"firm_uni_share",0.213636363636364,"several"
"132","Germany",1993,"firm_uni_share",0.186868686868687,"several"
"133","Germany",1994,"firm_uni_share",0.243137254901961,"several"
"134","Germany",1995,"firm_uni_share",0.217592592592593,"several"
"135","Germany",1996,"firm_uni_share",0.320939334637965,"several"
"136","Germany",1997,"firm_uni_share",0.320686540198735,"several"
"137","Germany",1998,"firm_uni_share",0.314606741573034,"several"
"138","Germany",1999,"firm_uni_share",0.310344827586207,"several"
"139","Germany",2000,"firm_uni_share",0.301392301392301,"several"
"140","Germany",2001,"firm_uni_share",0.261041009463722,"several"
"141","Germany",2002,"firm_uni_share",0.291873963515755,"several"
"142","Germany",2003,"firm_uni_share",0.314043209876543,"several"
"143","Germany",2004,"firm_uni_share",0.364393939393939,"several"
"144","Germany",2005,"firm_uni_share",0.388673390224981,"several"
"145","Germany",2006,"firm_uni_share",0.376301040832666,"several"
"146","Germany",2007,"firm_uni_share",0.387591240875912,"several"
"147","Germany",2008,"firm_uni_share",0.406032482598608,"several"
"148","Germany",2009,"firm_uni_share",0.429110105580694,"several"
"149","Germany",2010,"firm_uni_share",0.416167664670659,"several"
"150","Germany",2011,"firm_uni_share",0.423192771084337,"several"
"151","Germany",2012,"firm_uni_share",0.442490842490842,"several"
"152","Germany",2013,"firm_uni_share",0.466812545587163,"several"
"153","Germany",2014,"firm_uni_share",0.459683496608892,"several"
"154","Germany",2015,"firm_uni_share",0.506060606060606,"several"
"155","Germany",2016,"firm_uni_share",0.476038338658147,"several"
"156","Germany",2017,"firm_uni_share",0.51407884151247,"several"
"157","Germany",2018,"firm_uni_share",0.538152610441767,"several"
"158","Germany",2019,"firm_uni_share",0.55421686746988,"several"
"159","Germany",2020,"firm_uni_share",0.545387453874539,"several"
"160","Germany",2021,"firm_uni_share",0.577139287945034,"several"
"161","Israel",1990,"firm_uni_share",0.231884057971014,"several"
"162","Israel",1991,"firm_uni_share",0.254237288135593,"several"
"163","Israel",1992,"firm_uni_share",0.158730158730159,"several"
"164","Israel",1993,"firm_uni_share",0.258426966292135,"several"
"165","Israel",1994,"firm_uni_share",0.333333333333333,"several"
"166","Israel",1995,"firm_uni_share",0.166666666666667,"several"
"167","Israel",1996,"firm_uni_share",0.341085271317829,"several"
"168","Israel",1997,"firm_uni_share",0.4375,"several"
"169","Israel",1998,"firm_uni_share",0.386363636363636,"several"
"170","Israel",1999,"firm_uni_share",0.408450704225352,"several"
"171","Israel",2000,"firm_uni_share",0.364963503649635,"several"
"172","Israel",2001,"firm_uni_share",0.357142857142857,"several"
"173","Israel",2002,"firm_uni_share",0.340425531914894,"several"
"174","Israel",2003,"firm_uni_share",0.482517482517482,"several"
"175","Israel",2004,"firm_uni_share",0.503311258278146,"several"
"176","Israel",2005,"firm_uni_share",0.427672955974843,"several"
"177","Israel",2006,"firm_uni_share",0.4375,"several"
"178","Israel",2007,"firm_uni_share",0.497297297297297,"several"
"179","Israel",2008,"firm_uni_share",0.470198675496689,"several"
"180","Israel",2009,"firm_uni_share",0.482758620689655,"several"
"181","Israel",2010,"firm_uni_share",0.473053892215569,"several"
"182","Israel",2011,"firm_uni_share",0.5,"several"
"183","Israel",2012,"firm_uni_share",0.388888888888889,"several"
"184","Israel",2013,"firm_uni_share",0.5,"several"
"185","Israel",2014,"firm_uni_share",0.439024390243902,"several"
"186","Israel",2015,"firm_uni_share",0.477272727272727,"several"
"187","Israel",2016,"firm_uni_share",0.52258064516129,"several"
"188","Israel",2017,"firm_uni_share",0.588235294117647,"several"
"189","Israel",2018,"firm_uni_share",0.475609756097561,"several"
"190","Israel",2019,"firm_uni_share",0.510526315789474,"several"
"191","Israel",2020,"firm_uni_share",0.559322033898305,"several"
"192","Israel",2021,"firm_uni_share",0.59349593495935,"several"
"193","Italy",1990,"firm_uni_share",0.242857142857143,"several"
"194","Italy",1991,"firm_uni_share",0.307262569832402,"several"
"195","Italy",1992,"firm_uni_share",0.294372294372294,"several"
"196","Italy",1993,"firm_uni_share",0.337164750957854,"several"
"197","Italy",1994,"firm_uni_share",0.33134328358209,"several"
"198","Italy",1995,"firm_uni_share",0.293478260869565,"several"
"199","Italy",1996,"firm_uni_share",0.403846153846154,"several"
"200","Italy",1997,"firm_uni_share",0.371196754563895,"several"
"201","Italy",1998,"firm_uni_share",0.431372549019608,"several"
"202","Italy",1999,"firm_uni_share",0.402127659574468,"several"
"203","Italy",2000,"firm_uni_share",0.411530815109344,"several"
"204","Italy",2001,"firm_uni_share",0.337129840546697,"several"
"205","Italy",2002,"firm_uni_share",0.347248576850095,"several"
"206","Italy",2003,"firm_uni_share",0.452427184466019,"several"
"207","Italy",2004,"firm_uni_share",0.421731123388582,"several"
"208","Italy",2005,"firm_uni_share",0.407960199004975,"several"
"209","Italy",2006,"firm_uni_share",0.423611111111111,"several"
"210","Italy",2007,"firm_uni_share",0.422535211267606,"several"
"211","Italy",2008,"firm_uni_share",0.440456769983687,"several"
"212","Italy",2009,"firm_uni_share",0.483037156704362,"several"
"213","Italy",2010,"firm_uni_share",0.485496183206107,"several"
"214","Italy",2011,"firm_uni_share",0.488200589970501,"several"
"215","Italy",2012,"firm_uni_share",0.523006134969325,"several"
"216","Italy",2013,"firm_uni_share",0.48567335243553,"several"
"217","Italy",2014,"firm_uni_share",0.549317147192716,"several"
"218","Italy",2015,"firm_uni_share",0.560761346998536,"several"
"219","Italy",2016,"firm_uni_share",0.563492063492063,"several"
"220","Italy",2017,"firm_uni_share",0.590243902439024,"several"
"221","Italy",2018,"firm_uni_share",0.578861788617886,"several"
"222","Italy",2019,"firm_uni_share",0.61094674556213,"several"
"223","Italy",2020,"firm_uni_share",0.592121982210928,"several"
"224","Italy",2021,"firm_uni_share",0.603729603729604,"several"
"225","Japan",1990,"firm_uni_share",0.178981937602627,"several"
"226","Japan",1991,"firm_uni_share",0.148255813953488,"several"
"227","Japan",1992,"firm_uni_share",0.144827586206897,"several"
"228","Japan",1993,"firm_uni_share",0.15607476635514,"several"
"229","Japan",1994,"firm_uni_share",0.184210526315789,"several"
"230","Japan",1995,"firm_uni_share",0.191326530612245,"several"
"231","Japan",1996,"firm_uni_share",0.23167606355715,"several"
"232","Japan",1997,"firm_uni_share",0.24697445091887,"several"
"233","Japan",1998,"firm_uni_share",0.260698689956332,"several"
"234","Japan",1999,"firm_uni_share",0.257931602801813,"several"
"235","Japan",2000,"firm_uni_share",0.238321456848773,"several"
"236","Japan",2001,"firm_uni_share",0.215355086372361,"several"
"237","Japan",2002,"firm_uni_share",0.236298649722002,"several"
"238","Japan",2003,"firm_uni_share",0.269008104978773,"several"
"239","Japan",2004,"firm_uni_share",0.270833333333333,"several"
"240","Japan",2005,"firm_uni_share",0.257628427964465,"several"
"241","Japan",2006,"firm_uni_share",0.27625,"several"
"242","Japan",2007,"firm_uni_share",0.275332225913621,"several"
"243","Japan",2008,"firm_uni_share",0.282368537339814,"several"
"244","Japan",2009,"firm_uni_share",0.288539325842697,"several"
"245","Japan",2010,"firm_uni_share",0.283325370281892,"several"
"246","Japan",2011,"firm_uni_share",0.277938342967245,"several"
"247","Japan",2012,"firm_uni_share",0.282526115859449,"several"
"248","Japan",2013,"firm_uni_share",0.301579466929911,"several"
"249","Japan",2014,"firm_uni_share",0.299195710455764,"several"
"250","Japan",2015,"firm_uni_share",0.317249029395452,"several"
"251","Japan",2016,"firm_uni_share",0.310701956271577,"several"
"252","Japan",2017,"firm_uni_share",0.314693634741225,"several"
"253","Japan",2018,"firm_uni_share",0.336913510457886,"several"
"254","Japan",2019,"firm_uni_share",0.331418724870764,"several"
"255","Japan",2020,"firm_uni_share",0.33803611738149,"several"
"256","Japan",2021,"firm_uni_share",0.345653305570016,"several"
"257","Netherlands",1990,"firm_uni_share",0.3,"several"
"258","Netherlands",1991,"firm_uni_share",0.171641791044776,"several"
"259","Netherlands",1992,"firm_uni_share",0.256578947368421,"several"
"260","Netherlands",1993,"firm_uni_share",0.210526315789474,"several"
"261","Netherlands",1994,"firm_uni_share",0.231182795698925,"several"
"262","Netherlands",1995,"firm_uni_share",0.246753246753247,"several"
"263","Netherlands",1996,"firm_uni_share",0.329710144927536,"several"
"264","Netherlands",1997,"firm_uni_share",0.324723247232472,"several"
"265","Netherlands",1998,"firm_uni_share",0.39261744966443,"several"
"266","Netherlands",1999,"firm_uni_share",0.357664233576642,"several"
"267","Netherlands",2000,"firm_uni_share",0.373540856031128,"several"
"268","Netherlands",2001,"firm_uni_share",0.334600760456274,"several"
"269","Netherlands",2002,"firm_uni_share",0.376470588235294,"several"
"270","Netherlands",2003,"firm_uni_share",0.460144927536232,"several"
"271","Netherlands",2004,"firm_uni_share",0.388157894736842,"several"
"272","Netherlands",2005,"firm_uni_share",0.488745980707395,"several"
"273","Netherlands",2006,"firm_uni_share",0.4625,"several"
"274","Netherlands",2007,"firm_uni_share",0.529220779220779,"several"
"275","Netherlands",2008,"firm_uni_share",0.521865889212828,"several"
"276","Netherlands",2009,"firm_uni_share",0.515669515669516,"several"
"277","Netherlands",2010,"firm_uni_share",0.475460122699386,"several"
"278","Netherlands",2011,"firm_uni_share",0.583832335329341,"several"
"279","Netherlands",2012,"firm_uni_share",0.498783454987835,"several"
"280","Netherlands",2013,"firm_uni_share",0.541025641025641,"several"
"281","Netherlands",2014,"firm_uni_share",0.57356608478803,"several"
"282","Netherlands",2015,"firm_uni_share",0.569343065693431,"several"
"283","Netherlands",2016,"firm_uni_share",0.559895833333333,"several"
"284","Netherlands",2017,"firm_uni_share",0.591780821917808,"several"
"285","Netherlands",2018,"firm_uni_share",0.590909090909091,"several"
"286","Netherlands",2019,"firm_uni_share",0.632352941176471,"several"
"287","Netherlands",2020,"firm_uni_share",0.609452736318408,"several"
"288","Netherlands",2021,"firm_uni_share",0.668776371308017,"several"
"289","South Korea",1990,"firm_uni_share",0.666666666666667,"several"
"290","South Korea",1991,"firm_uni_share",0.166666666666667,"several"
"291","South Korea",1992,"firm_uni_share",0.125,"several"
"292","South Korea",1993,"firm_uni_share",0.12,"several"
"293","South Korea",1994,"firm_uni_share",0.133333333333333,"several"
"294","South Korea",1995,"firm_uni_share",0.153846153846154,"several"
"295","South Korea",1996,"firm_uni_share",0.188405797101449,"several"
"296","South Korea",1997,"firm_uni_share",0.209039548022599,"several"
"297","South Korea",1998,"firm_uni_share",0.195238095238095,"several"
"298","South Korea",1999,"firm_uni_share",0.157676348547718,"several"
"299","South Korea",2000,"firm_uni_share",0.142857142857143,"several"
"300","South Korea",2001,"firm_uni_share",0.131926121372032,"several"
"301","South Korea",2002,"firm_uni_share",0.166197183098592,"several"
"302","South Korea",2003,"firm_uni_share",0.194373401534527,"several"
"303","South Korea",2004,"firm_uni_share",0.20353982300885,"several"
"304","South Korea",2005,"firm_uni_share",0.188539741219963,"several"
"305","South Korea",2006,"firm_uni_share",0.215189873417722,"several"
"306","South Korea",2007,"firm_uni_share",0.187919463087248,"several"
"307","South Korea",2008,"firm_uni_share",0.185393258426966,"several"
"308","South Korea",2009,"firm_uni_share",0.184243964421855,"several"
"309","South Korea",2010,"firm_uni_share",0.191463414634146,"several"
"310","South Korea",2011,"firm_uni_share",0.20168954593453,"several"
"311","South Korea",2012,"firm_uni_share",0.204498977505112,"several"
"312","South Korea",2013,"firm_uni_share",0.220572640509014,"several"
"313","South Korea",2014,"firm_uni_share",0.224074074074074,"several"
"314","South Korea",2015,"firm_uni_share",0.250874125874126,"several"
"315","South Korea",2016,"firm_uni_share",0.269455252918288,"several"
"316","South Korea",2017,"firm_uni_share",0.215794306703398,"several"
"317","South Korea",2018,"firm_uni_share",0.253636363636364,"several"
"318","South Korea",2019,"firm_uni_share",0.242349048800662,"several"
"319","South Korea",2020,"firm_uni_share",0.2590799031477,"several"
"320","South Korea",2021,"firm_uni_share",0.278861788617886,"several"
"321","Sweden",1990,"firm_uni_share",0.25,"several"
"322","Sweden",1991,"firm_uni_share",0.192307692307692,"several"
"323","Sweden",1992,"firm_uni_share",0.176829268292683,"several"
"324","Sweden",1993,"firm_uni_share",0.271028037383178,"several"
"325","Sweden",1994,"firm_uni_share",0.238095238095238,"several"
"326","Sweden",1995,"firm_uni_share",0.2996632996633,"several"
"327","Sweden",1996,"firm_uni_share",0.316353887399464,"several"
"328","Sweden",1997,"firm_uni_share",0.328651685393258,"several"
"329","Sweden",1998,"firm_uni_share",0.366120218579235,"several"
"330","Sweden",1999,"firm_uni_share",0.325136612021858,"several"
"331","Sweden",2000,"firm_uni_share",0.351063829787234,"several"
"332","Sweden",2001,"firm_uni_share",0.300291545189504,"several"
"333","Sweden",2002,"firm_uni_share",0.333333333333333,"several"
"334","Sweden",2003,"firm_uni_share",0.405479452054795,"several"
"335","Sweden",2004,"firm_uni_share",0.403899721448468,"several"
"336","Sweden",2005,"firm_uni_share",0.393048128342246,"several"
"337","Sweden",2006,"firm_uni_share",0.415789473684211,"several"
"338","Sweden",2007,"firm_uni_share",0.422279792746114,"several"
"339","Sweden",2008,"firm_uni_share",0.401084010840108,"several"
"340","Sweden",2009,"firm_uni_share",0.447721179624665,"several"
"341","Sweden",2010,"firm_uni_share",0.431318681318681,"several"
"342","Sweden",2011,"firm_uni_share",0.484567901234568,"several"
"343","Sweden",2012,"firm_uni_share",0.491002570694087,"several"
"344","Sweden",2013,"firm_uni_share",0.454293628808864,"several"
"345","Sweden",2014,"firm_uni_share",0.474683544303797,"several"
"346","Sweden",2015,"firm_uni_share",0.516949152542373,"several"
"347","Sweden",2016,"firm_uni_share",0.551829268292683,"several"
"348","Sweden",2017,"firm_uni_share",0.52212389380531,"several"
"349","Sweden",2018,"firm_uni_share",0.554347826086957,"several"
"350","Sweden",2019,"firm_uni_share",0.612403100775194,"several"
"351","Sweden",2020,"firm_uni_share",0.530386740331492,"several"
"352","Sweden",2021,"firm_uni_share",0.630541871921182,"several"
"353","Switzerland",1990,"firm_uni_share",0.26027397260274,"several"
"354","Switzerland",1991,"firm_uni_share",0.289308176100629,"several"
"355","Switzerland",1992,"firm_uni_share",0.25,"several"
"356","Switzerland",1993,"firm_uni_share",0.276995305164319,"several"
"357","Switzerland",1994,"firm_uni_share",0.302405498281787,"several"
"358","Switzerland",1995,"firm_uni_share",0.311258278145695,"several"
"359","Switzerland",1996,"firm_uni_share",0.412979351032448,"several"
"360","Switzerland",1997,"firm_uni_share",0.347945205479452,"several"
"361","Switzerland",1998,"firm_uni_share",0.385294117647059,"several"
"362","Switzerland",1999,"firm_uni_share",0.393188854489164,"several"
"363","Switzerland",2000,"firm_uni_share",0.448387096774194,"several"
"364","Switzerland",2001,"firm_uni_share",0.389558232931727,"several"
"365","Switzerland",2002,"firm_uni_share",0.380952380952381,"several"
"366","Switzerland",2003,"firm_uni_share",0.409090909090909,"several"
"367","Switzerland",2004,"firm_uni_share",0.48135593220339,"several"
"368","Switzerland",2005,"firm_uni_share",0.450592885375494,"several"
"369","Switzerland",2006,"firm_uni_share",0.439862542955326,"several"
"370","Switzerland",2007,"firm_uni_share",0.475247524752475,"several"
"371","Switzerland",2008,"firm_uni_share",0.470588235294118,"several"
"372","Switzerland",2009,"firm_uni_share",0.478547854785479,"several"
"373","Switzerland",2010,"firm_uni_share",0.543333333333333,"several"
"374","Switzerland",2011,"firm_uni_share",0.523961661341853,"several"
"375","Switzerland",2012,"firm_uni_share",0.583798882681564,"several"
"376","Switzerland",2013,"firm_uni_share",0.54601226993865,"several"
"377","Switzerland",2014,"firm_uni_share",0.524916943521595,"several"
"378","Switzerland",2015,"firm_uni_share",0.506369426751592,"several"
"379","Switzerland",2016,"firm_uni_share",0.570921985815603,"several"
"380","Switzerland",2017,"firm_uni_share",0.553571428571429,"several"
"381","Switzerland",2018,"firm_uni_share",0.620209059233449,"several"
"382","Switzerland",2019,"firm_uni_share",0.683385579937304,"several"
"383","Switzerland",2020,"firm_uni_share",0.636923076923077,"several"
"384","Switzerland",2021,"firm_uni_share",0.621621621621622,"several"
"385","United Kingdom",1990,"firm_uni_share",0.232352941176471,"several"
"386","United Kingdom",1991,"firm_uni_share",0.225888324873096,"several"
"387","United Kingdom",1992,"firm_uni_share",0.224242424242424,"several"
"388","United Kingdom",1993,"firm_uni_share",0.240066225165563,"several"
"389","United Kingdom",1994,"firm_uni_share",0.238689547581903,"several"
"390","United Kingdom",1995,"firm_uni_share",0.267352185089974,"several"
"391","United Kingdom",1996,"firm_uni_share",0.401052631578947,"several"
"392","United Kingdom",1997,"firm_uni_share",0.393939393939394,"several"
"393","United Kingdom",1998,"firm_uni_share",0.407444668008048,"several"
"394","United Kingdom",1999,"firm_uni_share",0.361771058315335,"several"
"395","United Kingdom",2000,"firm_uni_share",0.351931330472103,"several"
"396","United Kingdom",2001,"firm_uni_share",0.356236786469345,"several"
"397","United Kingdom",2002,"firm_uni_share",0.369767441860465,"several"
"398","United Kingdom",2003,"firm_uni_share",0.419277108433735,"several"
"399","United Kingdom",2004,"firm_uni_share",0.46775956284153,"several"
"400","United Kingdom",2005,"firm_uni_share",0.425720620842572,"several"
"401","United Kingdom",2006,"firm_uni_share",0.429569266589057,"several"
"402","United Kingdom",2007,"firm_uni_share",0.416197975253093,"several"
"403","United Kingdom",2008,"firm_uni_share",0.439393939393939,"several"
"404","United Kingdom",2009,"firm_uni_share",0.463874345549738,"several"
"405","United Kingdom",2010,"firm_uni_share",0.458149779735683,"several"
"406","United Kingdom",2011,"firm_uni_share",0.480924855491329,"several"
"407","United Kingdom",2012,"firm_uni_share",0.479209979209979,"several"
"408","United Kingdom",2013,"firm_uni_share",0.492785793562708,"several"
"409","United Kingdom",2014,"firm_uni_share",0.50445434298441,"several"
"410","United Kingdom",2015,"firm_uni_share",0.542920847268673,"several"
"411","United Kingdom",2016,"firm_uni_share",0.545762711864407,"several"
"412","United Kingdom",2017,"firm_uni_share",0.54066985645933,"several"
"413","United Kingdom",2018,"firm_uni_share",0.545559400230681,"several"
"414","United Kingdom",2019,"firm_uni_share",0.599783080260304,"several"
"415","United Kingdom",2020,"firm_uni_share",0.579166666666667,"several"
"416","United Kingdom",2021,"firm_uni_share",0.598708487084871,"several"
"417","United States",1990,"firm_uni_share",0.145579506404249,"several"
"418","United States",1991,"firm_uni_share",0.143692564745196,"several"
"419","United States",1992,"firm_uni_share",0.165525672371638,"several"
"420","United States",1993,"firm_uni_share",0.158691297574004,"several"
"421","United States",1994,"firm_uni_share",0.218109339407745,"several"
"422","United States",1995,"firm_uni_share",0.205027932960894,"several"
"423","United States",1996,"firm_uni_share",0.268984579575211,"several"
"424","United States",1997,"firm_uni_share",0.299311208515967,"several"
"425","United States",1998,"firm_uni_share",0.303947368421053,"several"
"426","United States",1999,"firm_uni_share",0.323087919942816,"several"
"427","United States",2000,"firm_uni_share",0.301450832885545,"several"
"428","United States",2001,"firm_uni_share",0.266852367688022,"several"
"429","United States",2002,"firm_uni_share",0.290446841294299,"several"
"430","United States",2003,"firm_uni_share",0.343391084290442,"several"
"431","United States",2004,"firm_uni_share",0.349620581158616,"several"
"432","United States",2005,"firm_uni_share",0.349565873914685,"several"
"433","United States",2006,"firm_uni_share",0.355957767722474,"several"
"434","United States",2007,"firm_uni_share",0.350495804729214,"several"
"435","United States",2008,"firm_uni_share",0.355896852483883,"several"
"436","United States",2009,"firm_uni_share",0.369844357976654,"several"
"437","United States",2010,"firm_uni_share",0.375220544991178,"several"
"438","United States",2011,"firm_uni_share",0.355425108880894,"several"
"439","United States",2012,"firm_uni_share",0.377668618930663,"several"
"440","United States",2013,"firm_uni_share",0.38903743315508,"several"
"441","United States",2014,"firm_uni_share",0.3921875,"several"
"442","United States",2015,"firm_uni_share",0.419853539462978,"several"
"443","United States",2016,"firm_uni_share",0.439518682710576,"several"
"444","United States",2017,"firm_uni_share",0.445809565598947,"several"
"445","United States",2018,"firm_uni_share",0.453807106598985,"several"
"446","United States",2019,"firm_uni_share",0.456022187004754,"several"
"447","United States",2020,"firm_uni_share",0.448126232741617,"several"
"448","United States",2021,"firm_uni_share",0.473309608540925,"several"
"449","Australia",1990,"firm_single_share",0.309090909090909,"single"
"450","Australia",1991,"firm_single_share",0.233870967741935,"single"
"451","Australia",1992,"firm_single_share",0.225988700564972,"single"
"452","Australia",1993,"firm_single_share",0.241706161137441,"single"
"453","Australia",1994,"firm_single_share",0.231132075471698,"single"
"454","Australia",1995,"firm_single_share",0.155844155844156,"single"
"455","Australia",1996,"firm_single_share",0.126623376623377,"single"
"456","Australia",1997,"firm_single_share",0.143790849673203,"single"
"457","Australia",1998,"firm_single_share",0.125786163522013,"single"
"458","Australia",1999,"firm_single_share",0.0662824207492795,"single"
"459","Australia",2000,"firm_single_share",0.135220125786164,"single"
"460","Australia",2001,"firm_single_share",0.131054131054131,"single"
"461","Australia",2002,"firm_single_share",0.0777027027027027,"single"
"462","Australia",2003,"firm_single_share",0.0686274509803922,"single"
"463","Australia",2004,"firm_single_share",0.0497237569060773,"single"
"464","Australia",2005,"firm_single_share",0.0345821325648415,"single"
"465","Australia",2006,"firm_single_share",0.0498442367601246,"single"
"466","Australia",2007,"firm_single_share",0.0378378378378378,"single"
"467","Australia",2008,"firm_single_share",0.026246719160105,"single"
"468","Australia",2009,"firm_single_share",0.0223880597014925,"single"
"469","Australia",2010,"firm_single_share",0.0270935960591133,"single"
"470","Australia",2011,"firm_single_share",0.0246636771300448,"single"
"471","Australia",2012,"firm_single_share",0.0309734513274336,"single"
"472","Australia",2013,"firm_single_share",0.0318352059925094,"single"
"473","Australia",2014,"firm_single_share",0.0298804780876494,"single"
"474","Australia",2015,"firm_single_share",0.0164533820840951,"single"
"475","Australia",2016,"firm_single_share",0.016,"single"
"476","Australia",2017,"firm_single_share",0.0069284064665127,"single"
"477","Australia",2018,"firm_single_share",0.00396825396825397,"single"
"478","Australia",2019,"firm_single_share",0.0163265306122449,"single"
"479","Australia",2020,"firm_single_share",0.00591715976331361,"single"
"480","Australia",2021,"firm_single_share",0.00905797101449275,"single"
"481","Canada",1990,"firm_single_share",0.0359712230215827,"single"
"482","Canada",1991,"firm_single_share",0.0699088145896656,"single"
"483","Canada",1992,"firm_single_share",0.0668202764976959,"single"
"484","Canada",1993,"firm_single_share",0.0817757009345794,"single"
"485","Canada",1994,"firm_single_share",0.0887573964497041,"single"
"486","Canada",1995,"firm_single_share",0.0716783216783217,"single"
"487","Canada",1996,"firm_single_share",0.0576671035386632,"single"
"488","Canada",1997,"firm_single_share",0.0351826792963464,"single"
"489","Canada",1998,"firm_single_share",0.0559540889526542,"single"
"490","Canada",1999,"firm_single_share",0.0502873563218391,"single"
"491","Canada",2000,"firm_single_share",0.043956043956044,"single"
"492","Canada",2001,"firm_single_share",0.0615615615615616,"single"
"493","Canada",2002,"firm_single_share",0.0598159509202454,"single"
"494","Canada",2003,"firm_single_share",0.0364741641337386,"single"
"495","Canada",2004,"firm_single_share",0.0292072322670376,"single"
"496","Canada",2005,"firm_single_share",0.0388739946380697,"single"
"497","Canada",2006,"firm_single_share",0.0440985732814527,"single"
"498","Canada",2007,"firm_single_share",0.0331695331695332,"single"
"499","Canada",2008,"firm_single_share",0.0332005312084993,"single"
"500","Canada",2009,"firm_single_share",0.0302267002518892,"single"
"501","Canada",2010,"firm_single_share",0.0213032581453634,"single"
"502","Canada",2011,"firm_single_share",0.0243277848911652,"single"
"503","Canada",2012,"firm_single_share",0.0143229166666667,"single"
"504","Canada",2013,"firm_single_share",0.0120336943441637,"single"
"505","Canada",2014,"firm_single_share",0.0170109356014581,"single"
"506","Canada",2015,"firm_single_share",0.0201765447667087,"single"
"507","Canada",2016,"firm_single_share",0.0126050420168067,"single"
"508","Canada",2017,"firm_single_share",0.0152565880721221,"single"
"509","Canada",2018,"firm_single_share",0.0135685210312076,"single"
"510","Canada",2019,"firm_single_share",0.0138190954773869,"single"
"511","Canada",2020,"firm_single_share",0.00808625336927224,"single"
"512","Canada",2021,"firm_single_share",0.00930851063829787,"single"
"513","China",1990,"firm_single_share",0,"single"
"514","China",1991,"firm_single_share",0,"single"
"515","China",1992,"firm_single_share",0.103448275862069,"single"
"516","China",1993,"firm_single_share",0.111111111111111,"single"
"517","China",1994,"firm_single_share",0.128571428571429,"single"
"518","China",1995,"firm_single_share",0.16030534351145,"single"
"519","China",1996,"firm_single_share",0.0695187165775401,"single"
"520","China",1997,"firm_single_share",0.163636363636364,"single"
"521","China",1998,"firm_single_share",0.156164383561644,"single"
"522","China",1999,"firm_single_share",0.175847457627119,"single"
"523","China",2000,"firm_single_share",0.196836555360281,"single"
"524","China",2001,"firm_single_share",0.15600624024961,"single"
"525","China",2002,"firm_single_share",0.169871794871795,"single"
"526","China",2003,"firm_single_share",0.13328313253012,"single"
"527","China",2004,"firm_single_share",0.121791370835609,"single"
"528","China",2005,"firm_single_share",0.100041511000415,"single"
"529","China",2006,"firm_single_share",0.0921187308085978,"single"
"530","China",2007,"firm_single_share",0.0840236686390533,"single"
"531","China",2008,"firm_single_share",0.0774752475247525,"single"
"532","China",2009,"firm_single_share",0.0793468261269549,"single"
"533","China",2010,"firm_single_share",0.0726221079691517,"single"
"534","China",2011,"firm_single_share",0.0660749506903353,"single"
"535","China",2012,"firm_single_share",0.0588137564379465,"single"
"536","China",2013,"firm_single_share",0.0619404080434464,"single"
"537","China",2014,"firm_single_share",0.0593107133315522,"single"
"538","China",2015,"firm_single_share",0.0635443346749604,"single"
"539","China",2016,"firm_single_share",0.0581316444243384,"single"
"540","China",2017,"firm_single_share",0.0698694628718168,"single"
"541","China",2018,"firm_single_share",0.0658253132376975,"single"
"542","China",2019,"firm_single_share",0.0657894736842105,"single"
"543","China",2020,"firm_single_share",0.0540034562211982,"single"
"544","China",2021,"firm_single_share",0.0523717392754687,"single"
"545","France",1990,"firm_single_share",0.387700534759358,"single"
"546","France",1991,"firm_single_share",0.3775,"single"
"547","France",1992,"firm_single_share",0.374736842105263,"single"
"548","France",1993,"firm_single_share",0.378531073446328,"single"
"549","France",1994,"firm_single_share",0.315132605304212,"single"
"550","France",1995,"firm_single_share",0.326116373477673,"single"
"551","France",1996,"firm_single_share",0.236693091732729,"single"
"552","France",1997,"firm_single_share",0.209020902090209,"single"
"553","France",1998,"firm_single_share",0.217977528089888,"single"
"554","France",1999,"firm_single_share",0.190532544378698,"single"
"555","France",2000,"firm_single_share",0.217063989962359,"single"
"556","France",2001,"firm_single_share",0.227157360406091,"single"
"557","France",2002,"firm_single_share",0.221635883905013,"single"
"558","France",2003,"firm_single_share",0.173469387755102,"single"
"559","France",2004,"firm_single_share",0.131034482758621,"single"
"560","France",2005,"firm_single_share",0.115089514066496,"single"
"561","France",2006,"firm_single_share",0.106796116504854,"single"
"562","France",2007,"firm_single_share",0.0842245989304813,"single"
"563","France",2008,"firm_single_share",0.0646108663729809,"single"
"564","France",2009,"firm_single_share",0.0559440559440559,"single"
"565","France",2010,"firm_single_share",0.0463378176382661,"single"
"566","France",2011,"firm_single_share",0.0507462686567164,"single"
"567","France",2012,"firm_single_share",0.0388888888888889,"single"
"568","France",2013,"firm_single_share",0.0282738095238095,"single"
"569","France",2014,"firm_single_share",0.0324074074074074,"single"
"570","France",2015,"firm_single_share",0.0157977883096366,"single"
"571","France",2016,"firm_single_share",0.0209339774557166,"single"
"572","France",2017,"firm_single_share",0.0168711656441718,"single"
"573","France",2018,"firm_single_share",0.016260162601626,"single"
"574","France",2019,"firm_single_share",0.0199081163859112,"single"
"575","France",2020,"firm_single_share",0.0209580838323353,"single"
"576","France",2021,"firm_single_share",0.0240963855421687,"single"
"577","Germany",1990,"firm_single_share",0.082010582010582,"single"
"578","Germany",1991,"firm_single_share",0.0952380952380952,"single"
"579","Germany",1992,"firm_single_share",0.1,"single"
"580","Germany",1993,"firm_single_share",0.104377104377104,"single"
"581","Germany",1994,"firm_single_share",0.0836601307189542,"single"
"582","Germany",1995,"firm_single_share",0.0775462962962963,"single"
"583","Germany",1996,"firm_single_share",0.0587084148727984,"single"
"584","Germany",1997,"firm_single_share",0.046070460704607,"single"
"585","Germany",1998,"firm_single_share",0.0393258426966292,"single"
"586","Germany",1999,"firm_single_share",0.0408981555733761,"single"
"587","Germany",2000,"firm_single_share",0.0434070434070434,"single"
"588","Germany",2001,"firm_single_share",0.0473186119873817,"single"
"589","Germany",2002,"firm_single_share",0.038971807628524,"single"
"590","Germany",2003,"firm_single_share",0.0324074074074074,"single"
"591","Germany",2004,"firm_single_share",0.0295454545454545,"single"
"592","Germany",2005,"firm_single_share",0.0256012412723041,"single"
"593","Germany",2006,"firm_single_share",0.0168134507606085,"single"
"594","Germany",2007,"firm_single_share",0.018978102189781,"single"
"595","Germany",2008,"firm_single_share",0.0108275328692962,"single"
"596","Germany",2009,"firm_single_share",0.0158371040723982,"single"
"597","Germany",2010,"firm_single_share",0.0149700598802395,"single"
"598","Germany",2011,"firm_single_share",0.0173192771084337,"single"
"599","Germany",2012,"firm_single_share",0.019047619047619,"single"
"600","Germany",2013,"firm_single_share",0.0204230488694384,"single"
"601","Germany",2014,"firm_single_share",0.0173323285606631,"single"
"602","Germany",2015,"firm_single_share",0.00833333333333333,"single"
"603","Germany",2016,"firm_single_share",0.0111821086261981,"single"
"604","Germany",2017,"firm_single_share",0.0160901045856798,"single"
"605","Germany",2018,"firm_single_share",0.0072289156626506,"single"
"606","Germany",2019,"firm_single_share",0.00779588944011339,"single"
"607","Germany",2020,"firm_single_share",0.00959409594095941,"single"
"608","Germany",2021,"firm_single_share",0.0124921923797626,"single"
"609","Israel",1990,"firm_single_share",0.0579710144927536,"single"
"610","Israel",1991,"firm_single_share",0.0508474576271186,"single"
"611","Israel",1992,"firm_single_share",0.126984126984127,"single"
"612","Israel",1993,"firm_single_share",0.0674157303370786,"single"
"613","Israel",1994,"firm_single_share",0.0784313725490196,"single"
"614","Israel",1995,"firm_single_share",0.09375,"single"
"615","Israel",1996,"firm_single_share",0.0387596899224806,"single"
"616","Israel",1997,"firm_single_share",0.0347222222222222,"single"
"617","Israel",1998,"firm_single_share",0.0984848484848485,"single"
"618","Israel",1999,"firm_single_share",0.0633802816901408,"single"
"619","Israel",2000,"firm_single_share",0.072992700729927,"single"
"620","Israel",2001,"firm_single_share",0.11038961038961,"single"
"621","Israel",2002,"firm_single_share",0.0921985815602837,"single"
"622","Israel",2003,"firm_single_share",0.0629370629370629,"single"
"623","Israel",2004,"firm_single_share",0.0596026490066225,"single"
"624","Israel",2005,"firm_single_share",0.0566037735849057,"single"
"625","Israel",2006,"firm_single_share",0.0852272727272727,"single"
"626","Israel",2007,"firm_single_share",0.0324324324324324,"single"
"627","Israel",2008,"firm_single_share",0.0529801324503311,"single"
"628","Israel",2009,"firm_single_share",0.0574712643678161,"single"
"629","Israel",2010,"firm_single_share",0.0239520958083832,"single"
"630","Israel",2011,"firm_single_share",0.0662650602409639,"single"
"631","Israel",2012,"firm_single_share",0.0308641975308642,"single"
"632","Israel",2013,"firm_single_share",0.050561797752809,"single"
"633","Israel",2014,"firm_single_share",0.0365853658536585,"single"
"634","Israel",2015,"firm_single_share",0.0340909090909091,"single"
"635","Israel",2016,"firm_single_share",0.0258064516129032,"single"
"636","Israel",2017,"firm_single_share",0.0147058823529412,"single"
"637","Israel",2018,"firm_single_share",0.0304878048780488,"single"
"638","Israel",2019,"firm_single_share",0.0263157894736842,"single"
"639","Israel",2020,"firm_single_share",0.0451977401129944,"single"
"640","Israel",2021,"firm_single_share",0.040650406504065,"single"
"641","Italy",1990,"firm_single_share",0.0928571428571429,"single"
"642","Italy",1991,"firm_single_share",0.106145251396648,"single"
"643","Italy",1992,"firm_single_share",0.121212121212121,"single"
"644","Italy",1993,"firm_single_share",0.103448275862069,"single"
"645","Italy",1994,"firm_single_share",0.0865671641791045,"single"
"646","Italy",1995,"firm_single_share",0.114130434782609,"single"
"647","Italy",1996,"firm_single_share",0.0552884615384615,"single"
"648","Italy",1997,"firm_single_share",0.0709939148073022,"single"
"649","Italy",1998,"firm_single_share",0.0501089324618736,"single"
"650","Italy",1999,"firm_single_share",0.0829787234042553,"single"
"651","Italy",2000,"firm_single_share",0.0576540755467197,"single"
"652","Italy",2001,"firm_single_share",0.0683371298405467,"single"
"653","Italy",2002,"firm_single_share",0.0379506641366224,"single"
"654","Italy",2003,"firm_single_share",0.0388349514563107,"single"
"655","Italy",2004,"firm_single_share",0.0313075506445672,"single"
"656","Italy",2005,"firm_single_share",0.0447761194029851,"single"
"657","Italy",2006,"firm_single_share",0.0243055555555556,"single"
"658","Italy",2007,"firm_single_share",0.0187793427230047,"single"
"659","Italy",2008,"firm_single_share",0.0261011419249592,"single"
"660","Italy",2009,"firm_single_share",0.024232633279483,"single"
"661","Italy",2010,"firm_single_share",0.0259541984732824,"single"
"662","Italy",2011,"firm_single_share",0.0265486725663717,"single"
"663","Italy",2012,"firm_single_share",0.0184049079754601,"single"
"664","Italy",2013,"firm_single_share",0.0214899713467049,"single"
"665","Italy",2014,"firm_single_share",0.0151745068285281,"single"
"666","Italy",2015,"firm_single_share",0.020497803806735,"single"
"667","Italy",2016,"firm_single_share",0.0158730158730159,"single"
"668","Italy",2017,"firm_single_share",0.0113821138211382,"single"
"669","Italy",2018,"firm_single_share",0.00813008130081301,"single"
"670","Italy",2019,"firm_single_share",0.0103550295857988,"single"
"671","Italy",2020,"firm_single_share",0.0127064803049555,"single"
"672","Italy",2021,"firm_single_share",0.0198135198135198,"single"
"673","Japan",1990,"firm_single_share",0.0607553366174056,"single"
"674","Japan",1991,"firm_single_share",0.0537790697674419,"single"
"675","Japan",1992,"firm_single_share",0.0597701149425287,"single"
"676","Japan",1993,"firm_single_share",0.0457943925233645,"single"
"677","Japan",1994,"firm_single_share",0.0455192034139403,"single"
"678","Japan",1995,"firm_single_share",0.0510204081632653,"single"
"679","Japan",1996,"firm_single_share",0.0358790363915941,"single"
"680","Japan",1997,"firm_single_share",0.0394441954280592,"single"
"681","Japan",1998,"firm_single_share",0.034061135371179,"single"
"682","Japan",1999,"firm_single_share",0.0407911001236094,"single"
"683","Japan",2000,"firm_single_share",0.0471100554235946,"single"
"684","Japan",2001,"firm_single_share",0.0314779270633397,"single"
"685","Japan",2002,"firm_single_share",0.0297855440826052,"single"
"686","Japan",2003,"firm_single_share",0.0289463527595523,"single"
"687","Japan",2004,"firm_single_share",0.0319940476190476,"single"
"688","Japan",2005,"firm_single_share",0.0312862108922364,"single"
"689","Japan",2006,"firm_single_share",0.0245833333333333,"single"
"690","Japan",2007,"firm_single_share",0.0299003322259136,"single"
"691","Japan",2008,"firm_single_share",0.0260715863897481,"single"
"692","Japan",2009,"firm_single_share",0.0274157303370787,"single"
"693","Japan",2010,"firm_single_share",0.0234113712374582,"single"
"694","Japan",2011,"firm_single_share",0.0236030828516378,"single"
"695","Japan",2012,"firm_single_share",0.0208926875593542,"single"
"696","Japan",2013,"firm_single_share",0.018756169792695,"single"
"697","Japan",2014,"firm_single_share",0.0246648793565684,"single"
"698","Japan",2015,"firm_single_share",0.0155296727676095,"single"
"699","Japan",2016,"firm_single_share",0.0201380897583429,"single"
"700","Japan",2017,"firm_single_share",0.0172516359309935,"single"
"701","Japan",2018,"firm_single_share",0.0130016958733748,"single"
"702","Japan",2019,"firm_single_share",0.0195290063182079,"single"
"703","Japan",2020,"firm_single_share",0.0163656884875846,"single"
"704","Japan",2021,"firm_single_share",0.0187402394586153,"single"
"705","Netherlands",1990,"firm_single_share",0.172727272727273,"single"
"706","Netherlands",1991,"firm_single_share",0.104477611940299,"single"
"707","Netherlands",1992,"firm_single_share",0.0986842105263158,"single"
"708","Netherlands",1993,"firm_single_share",0.111111111111111,"single"
"709","Netherlands",1994,"firm_single_share",0.112903225806452,"single"
"710","Netherlands",1995,"firm_single_share",0.0865800865800866,"single"
"711","Netherlands",1996,"firm_single_share",0.0579710144927536,"single"
"712","Netherlands",1997,"firm_single_share",0.0553505535055351,"single"
"713","Netherlands",1998,"firm_single_share",0.0604026845637584,"single"
"714","Netherlands",1999,"firm_single_share",0.062043795620438,"single"
"715","Netherlands",2000,"firm_single_share",0.0583657587548638,"single"
"716","Netherlands",2001,"firm_single_share",0.0760456273764259,"single"
"717","Netherlands",2002,"firm_single_share",0.0470588235294118,"single"
"718","Netherlands",2003,"firm_single_share",0.0760869565217391,"single"
"719","Netherlands",2004,"firm_single_share",0.0427631578947368,"single"
"720","Netherlands",2005,"firm_single_share",0.045016077170418,"single"
"721","Netherlands",2006,"firm_single_share",0.059375,"single"
"722","Netherlands",2007,"firm_single_share",0.0324675324675325,"single"
"723","Netherlands",2008,"firm_single_share",0.0291545189504373,"single"
"724","Netherlands",2009,"firm_single_share",0.056980056980057,"single"
"725","Netherlands",2010,"firm_single_share",0.0460122699386503,"single"
"726","Netherlands",2011,"firm_single_share",0.0269461077844311,"single"
"727","Netherlands",2012,"firm_single_share",0.024330900243309,"single"
"728","Netherlands",2013,"firm_single_share",0.0230769230769231,"single"
"729","Netherlands",2014,"firm_single_share",0.029925187032419,"single"
"730","Netherlands",2015,"firm_single_share",0.0316301703163017,"single"
"731","Netherlands",2016,"firm_single_share",0.0182291666666667,"single"
"732","Netherlands",2017,"firm_single_share",0.0246575342465753,"single"
"733","Netherlands",2018,"firm_single_share",0.0191387559808612,"single"
"734","Netherlands",2019,"firm_single_share",0.0343137254901961,"single"
"735","Netherlands",2020,"firm_single_share",0.027363184079602,"single"
"736","Netherlands",2021,"firm_single_share",0.0232067510548523,"single"
"737","South Korea",1990,"firm_single_share",0,"single"
"738","South Korea",1991,"firm_single_share",0,"single"
"739","South Korea",1992,"firm_single_share",0.0625,"single"
"740","South Korea",1993,"firm_single_share",0,"single"
"741","South Korea",1994,"firm_single_share",0.0222222222222222,"single"
"742","South Korea",1995,"firm_single_share",0,"single"
"743","South Korea",1996,"firm_single_share",0.0144927536231884,"single"
"744","South Korea",1997,"firm_single_share",0.0338983050847458,"single"
"745","South Korea",1998,"firm_single_share",0.0380952380952381,"single"
"746","South Korea",1999,"firm_single_share",0.016597510373444,"single"
"747","South Korea",2000,"firm_single_share",0.0166112956810631,"single"
"748","South Korea",2001,"firm_single_share",0.0105540897097625,"single"
"749","South Korea",2002,"firm_single_share",0.0140845070422535,"single"
"750","South Korea",2003,"firm_single_share",0,"single"
"751","South Korea",2004,"firm_single_share",0.00663716814159292,"single"
"752","South Korea",2005,"firm_single_share",0.0055452865064695,"single"
"753","South Korea",2006,"firm_single_share",0.0108499095840868,"single"
"754","South Korea",2007,"firm_single_share",0.0134228187919463,"single"
"755","South Korea",2008,"firm_single_share",0.00702247191011236,"single"
"756","South Korea",2009,"firm_single_share",0.00508259212198221,"single"
"757","South Korea",2010,"firm_single_share",0.00853658536585366,"single"
"758","South Korea",2011,"firm_single_share",0.00633579725448786,"single"
"759","South Korea",2012,"firm_single_share",0.00715746421267894,"single"
"760","South Korea",2013,"firm_single_share",0.00424178154825027,"single"
"761","South Korea",2014,"firm_single_share",0.00648148148148148,"single"
"762","South Korea",2015,"firm_single_share",0.00786713286713287,"single"
"763","South Korea",2016,"firm_single_share",0.00291828793774319,"single"
"764","South Korea",2017,"firm_single_share",0.00826446280991736,"single"
"765","South Korea",2018,"firm_single_share",0.00909090909090909,"single"
"766","South Korea",2019,"firm_single_share",0.010752688172043,"single"
"767","South Korea",2020,"firm_single_share",0.00807102502017756,"single"
"768","South Korea",2021,"firm_single_share",0.0154471544715447,"single"
"769","Sweden",1990,"firm_single_share",0.075,"single"
"770","Sweden",1991,"firm_single_share",0.121794871794872,"single"
"771","Sweden",1992,"firm_single_share",0.0853658536585366,"single"
"772","Sweden",1993,"firm_single_share",0.0700934579439252,"single"
"773","Sweden",1994,"firm_single_share",0.0634920634920635,"single"
"774","Sweden",1995,"firm_single_share",0.063973063973064,"single"
"775","Sweden",1996,"firm_single_share",0.0482573726541555,"single"
"776","Sweden",1997,"firm_single_share",0.0561797752808989,"single"
"777","Sweden",1998,"firm_single_share",0.0437158469945355,"single"
"778","Sweden",1999,"firm_single_share",0.0546448087431694,"single"
"779","Sweden",2000,"firm_single_share",0.0425531914893617,"single"
"780","Sweden",2001,"firm_single_share",0.0408163265306122,"single"
"781","Sweden",2002,"firm_single_share",0.0625,"single"
"782","Sweden",2003,"firm_single_share",0.0356164383561644,"single"
"783","Sweden",2004,"firm_single_share",0.0278551532033426,"single"
"784","Sweden",2005,"firm_single_share",0.0374331550802139,"single"
"785","Sweden",2006,"firm_single_share",0.0368421052631579,"single"
"786","Sweden",2007,"firm_single_share",0.0466321243523316,"single"
"787","Sweden",2008,"firm_single_share",0.035230352303523,"single"
"788","Sweden",2009,"firm_single_share",0.0268096514745308,"single"
"789","Sweden",2010,"firm_single_share",0.032967032967033,"single"
"790","Sweden",2011,"firm_single_share",0.0154320987654321,"single"
"791","Sweden",2012,"firm_single_share",0.0205655526992288,"single"
"792","Sweden",2013,"firm_single_share",0.0193905817174515,"single"
"793","Sweden",2014,"firm_single_share",0.0316455696202532,"single"
"794","Sweden",2015,"firm_single_share",0.0254237288135593,"single"
"795","Sweden",2016,"firm_single_share",0.0335365853658537,"single"
"796","Sweden",2017,"firm_single_share",0.0206489675516224,"single"
"797","Sweden",2018,"firm_single_share",0.00815217391304348,"single"
"798","Sweden",2019,"firm_single_share",0.0129198966408269,"single"
"799","Sweden",2020,"firm_single_share",0.0138121546961326,"single"
"800","Sweden",2021,"firm_single_share",0.0123152709359606,"single"
"801","Switzerland",1990,"firm_single_share",0.116438356164384,"single"
"802","Switzerland",1991,"firm_single_share",0.10062893081761,"single"
"803","Switzerland",1992,"firm_single_share",0.168367346938776,"single"
"804","Switzerland",1993,"firm_single_share",0.131455399061033,"single"
"805","Switzerland",1994,"firm_single_share",0.0824742268041237,"single"
"806","Switzerland",1995,"firm_single_share",0.0960264900662252,"single"
"807","Switzerland",1996,"firm_single_share",0.079646017699115,"single"
"808","Switzerland",1997,"firm_single_share",0.0493150684931507,"single"
"809","Switzerland",1998,"firm_single_share",0.0382352941176471,"single"
"810","Switzerland",1999,"firm_single_share",0.0464396284829721,"single"
"811","Switzerland",2000,"firm_single_share",0.0645161290322581,"single"
"812","Switzerland",2001,"firm_single_share",0.0682730923694779,"single"
"813","Switzerland",2002,"firm_single_share",0.0595238095238095,"single"
"814","Switzerland",2003,"firm_single_share",0.0340909090909091,"single"
"815","Switzerland",2004,"firm_single_share",0.0338983050847458,"single"
"816","Switzerland",2005,"firm_single_share",0.0355731225296443,"single"
"817","Switzerland",2006,"firm_single_share",0.0309278350515464,"single"
"818","Switzerland",2007,"firm_single_share",0.0264026402640264,"single"
"819","Switzerland",2008,"firm_single_share",0.0294117647058824,"single"
"820","Switzerland",2009,"firm_single_share",0.0198019801980198,"single"
"821","Switzerland",2010,"firm_single_share",0.0133333333333333,"single"
"822","Switzerland",2011,"firm_single_share",0.0223642172523962,"single"
"823","Switzerland",2012,"firm_single_share",0.0223463687150838,"single"
"824","Switzerland",2013,"firm_single_share",0.0214723926380368,"single"
"825","Switzerland",2014,"firm_single_share",0.0132890365448505,"single"
"826","Switzerland",2015,"firm_single_share",0.0159235668789809,"single"
"827","Switzerland",2016,"firm_single_share",0.0141843971631206,"single"
"828","Switzerland",2017,"firm_single_share",0.025,"single"
"829","Switzerland",2018,"firm_single_share",0.024390243902439,"single"
"830","Switzerland",2019,"firm_single_share",0.00940438871473354,"single"
"831","Switzerland",2020,"firm_single_share",0.0184615384615385,"single"
"832","Switzerland",2021,"firm_single_share",0.0343980343980344,"single"
"833","United Kingdom",1990,"firm_single_share",0.2,"single"
"834","United Kingdom",1991,"firm_single_share",0.213197969543147,"single"
"835","United Kingdom",1992,"firm_single_share",0.183838383838384,"single"
"836","United Kingdom",1993,"firm_single_share",0.190397350993377,"single"
"837","United Kingdom",1994,"firm_single_share",0.176287051482059,"single"
"838","United Kingdom",1995,"firm_single_share",0.159383033419023,"single"
"839","United Kingdom",1996,"firm_single_share",0.102105263157895,"single"
"840","United Kingdom",1997,"firm_single_share",0.104493207941484,"single"
"841","United Kingdom",1998,"firm_single_share",0.0955734406438632,"single"
"842","United Kingdom",1999,"firm_single_share",0.0799136069114471,"single"
"843","United Kingdom",2000,"firm_single_share",0.0944206008583691,"single"
"844","United Kingdom",2001,"firm_single_share",0.102536997885835,"single"
"845","United Kingdom",2002,"firm_single_share",0.0895348837209302,"single"
"846","United Kingdom",2003,"firm_single_share",0.0433734939759036,"single"
"847","United Kingdom",2004,"firm_single_share",0.0415300546448087,"single"
"848","United Kingdom",2005,"firm_single_share",0.0432372505543237,"single"
"849","United Kingdom",2006,"firm_single_share",0.0337601862630966,"single"
"850","United Kingdom",2007,"firm_single_share",0.0191226096737908,"single"
"851","United Kingdom",2008,"firm_single_share",0.0270562770562771,"single"
"852","United Kingdom",2009,"firm_single_share",0.018848167539267,"single"
"853","United Kingdom",2010,"firm_single_share",0.013215859030837,"single"
"854","United Kingdom",2011,"firm_single_share",0.023121387283237,"single"
"855","United Kingdom",2012,"firm_single_share",0.0176715176715177,"single"
"856","United Kingdom",2013,"firm_single_share",0.0221975582685905,"single"
"857","United Kingdom",2014,"firm_single_share",0.0178173719376392,"single"
"858","United Kingdom",2015,"firm_single_share",0.0111482720178372,"single"
"859","United Kingdom",2016,"firm_single_share",0.0169491525423729,"single"
"860","United Kingdom",2017,"firm_single_share",0.0155502392344498,"single"
"861","United Kingdom",2018,"firm_single_share",0.00922722029988466,"single"
"862","United Kingdom",2019,"firm_single_share",0.0130151843817787,"single"
"863","United Kingdom",2020,"firm_single_share",0.00833333333333333,"single"
"864","United Kingdom",2021,"firm_single_share",0.0193726937269373,"single"
"865","United States",1990,"firm_single_share",0.124023742580444,"single"
"866","United States",1991,"firm_single_share",0.137009189640769,"single"
"867","United States",1992,"firm_single_share",0.150611246943765,"single"
"868","United States",1993,"firm_single_share",0.145114622746495,"single"
"869","United States",1994,"firm_single_share",0.12129840546697,"single"
"870","United States",1995,"firm_single_share",0.142271880819367,"single"
"871","United States",1996,"firm_single_share",0.0939773057899331,"single"
"872","United States",1997,"firm_single_share",0.0884470882905448,"single"
"873","United States",1998,"firm_single_share",0.0965460526315789,"single"
"874","United States",1999,"firm_single_share",0.0714796283059328,"single"
"875","United States",2000,"firm_single_share",0.0827512090274046,"single"
"876","United States",2001,"firm_single_share",0.098050139275766,"single"
"877","United States",2002,"firm_single_share",0.0830123266563945,"single"
"878","United States",2003,"firm_single_share",0.0687171500875998,"single"
"879","United States",2004,"firm_single_share",0.0608920969831575,"single"
"880","United States",2005,"firm_single_share",0.0628539071347678,"single"
"881","United States",2006,"firm_single_share",0.0571266968325792,"single"
"882","United States",2007,"firm_single_share",0.0518688024408848,"single"
"883","United States",2008,"firm_single_share",0.0510049298445203,"single"
"884","United States",2009,"firm_single_share",0.0461089494163424,"single"
"885","United States",2010,"firm_single_share",0.0443050382277985,"single"
"886","United States",2011,"firm_single_share",0.0437417155841697,"single"
"887","United States",2012,"firm_single_share",0.0396750425089741,"single"
"888","United States",2013,"firm_single_share",0.0349503437738732,"single"
"889","United States",2014,"firm_single_share",0.03515625,"single"
"890","United States",2015,"firm_single_share",0.0280716029292107,"single"
"891","United States",2016,"firm_single_share",0.0335655478150728,"single"
"892","United States",2017,"firm_single_share",0.0342255375164546,"single"
"893","United States",2018,"firm_single_share",0.0247715736040609,"single"
"894","United States",2019,"firm_single_share",0.026743264659271,"single"
"895","United States",2020,"firm_single_share",0.02465483234714,"single"
"896","United States",2021,"firm_single_share",0.0301554598239371,"single"
"897","Australia",1990,"firm_several_share",0.00909090909090909,"several"
"898","Australia",1991,"firm_several_share",0.0161290322580645,"several"
"899","Australia",1992,"firm_several_share",0.0395480225988701,"several"
"900","Australia",1993,"firm_several_share",0.018957345971564,"several"
"901","Australia",1994,"firm_several_share",0.0141509433962264,"several"
"902","Australia",1995,"firm_several_share",0.0562770562770563,"several"
"903","Australia",1996,"firm_several_share",0.051948051948052,"several"
"904","Australia",1997,"firm_several_share",0.0686274509803922,"several"
"905","Australia",1998,"firm_several_share",0.0534591194968553,"several"
"906","Australia",1999,"firm_several_share",0.0547550432276657,"several"
"907","Australia",2000,"firm_several_share",0.0471698113207547,"several"
"908","Australia",2001,"firm_several_share",0.0227920227920228,"several"
"909","Australia",2002,"firm_several_share",0.0506756756756757,"several"
"910","Australia",2003,"firm_several_share",0.0392156862745098,"several"
"911","Australia",2004,"firm_several_share",0.0165745856353591,"several"
"912","Australia",2005,"firm_several_share",0.037463976945245,"several"
"913","Australia",2006,"firm_several_share",0.0249221183800623,"several"
"914","Australia",2007,"firm_several_share",0.0351351351351351,"several"
"915","Australia",2008,"firm_several_share",0.031496062992126,"several"
"916","Australia",2009,"firm_several_share",0.0248756218905473,"several"
"917","Australia",2010,"firm_several_share",0.0172413793103448,"several"
"918","Australia",2011,"firm_several_share",0.0134529147982063,"several"
"919","Australia",2012,"firm_several_share",0.0132743362831858,"several"
"920","Australia",2013,"firm_several_share",0.0112359550561798,"several"
"921","Australia",2014,"firm_several_share",0.00597609561752988,"several"
"922","Australia",2015,"firm_several_share",0.0109689213893967,"several"
"923","Australia",2016,"firm_several_share",0.016,"several"
"924","Australia",2017,"firm_several_share",0.0092378752886836,"several"
"925","Australia",2018,"firm_several_share",0.0119047619047619,"several"
"926","Australia",2019,"firm_several_share",0.0102040816326531,"several"
"927","Australia",2020,"firm_several_share",0.00591715976331361,"several"
"928","Australia",2021,"firm_several_share",0.00905797101449275,"several"
"929","Canada",1990,"firm_several_share",0,"several"
"930","Canada",1991,"firm_several_share",0.00303951367781155,"several"
"931","Canada",1992,"firm_several_share",0.00921658986175115,"several"
"932","Canada",1993,"firm_several_share",0.00934579439252336,"several"
"933","Canada",1994,"firm_several_share",0.00394477317554241,"several"
"934","Canada",1995,"firm_several_share",0.013986013986014,"several"
"935","Canada",1996,"firm_several_share",0.0144167758846658,"several"
"936","Canada",1997,"firm_several_share",0.020297699594046,"several"
"937","Canada",1998,"firm_several_share",0.00860832137733142,"several"
"938","Canada",1999,"firm_several_share",0.0301724137931034,"several"
"939","Canada",2000,"firm_several_share",0.0164835164835165,"several"
"940","Canada",2001,"firm_several_share",0.00750750750750751,"several"
"941","Canada",2002,"firm_several_share",0.0153374233128834,"several"
"942","Canada",2003,"firm_several_share",0.0151975683890578,"several"
"943","Canada",2004,"firm_several_share",0.0125173852573018,"several"
"944","Canada",2005,"firm_several_share",0.0160857908847185,"several"
"945","Canada",2006,"firm_several_share",0.0142671854734112,"several"
"946","Canada",2007,"firm_several_share",0.0196560196560197,"several"
"947","Canada",2008,"firm_several_share",0.0212483399734396,"several"
"948","Canada",2009,"firm_several_share",0.0138539042821159,"several"
"949","Canada",2010,"firm_several_share",0.012531328320802,"several"
"950","Canada",2011,"firm_several_share",0.0115236875800256,"several"
"951","Canada",2012,"firm_several_share",0.015625,"several"
"952","Canada",2013,"firm_several_share",0.00962695547533093,"several"
"953","Canada",2014,"firm_several_share",0.0121506682867558,"several"
"954","Canada",2015,"firm_several_share",0.0113493064312736,"several"
"955","Canada",2016,"firm_several_share",0.00140056022408964,"several"
"956","Canada",2017,"firm_several_share",0.00554785020804438,"several"
"957","Canada",2018,"firm_several_share",0.00271370420624152,"several"
"958","Canada",2019,"firm_several_share",0.0050251256281407,"several"
"959","Canada",2020,"firm_several_share",0.00539083557951483,"several"
"960","Canada",2021,"firm_several_share",0.00797872340425532,"several"
"961","China",1990,"firm_several_share",0,"several"
"962","China",1991,"firm_several_share",0,"several"
"963","China",1992,"firm_several_share",0.0344827586206897,"several"
"964","China",1993,"firm_several_share",0,"several"
"965","China",1994,"firm_several_share",0.0142857142857143,"several"
"966","China",1995,"firm_several_share",0.00763358778625954,"several"
"967","China",1996,"firm_several_share",0.0160427807486631,"several"
"968","China",1997,"firm_several_share",0.00363636363636364,"several"
"969","China",1998,"firm_several_share",0.00547945205479452,"several"
"970","China",1999,"firm_several_share",0.0105932203389831,"several"
"971","China",2000,"firm_several_share",0.0070298769771529,"several"
"972","China",2001,"firm_several_share",0.0046801872074883,"several"
"973","China",2002,"firm_several_share",0.00320512820512821,"several"
"974","China",2003,"firm_several_share",0.00677710843373494,"several"
"975","China",2004,"firm_several_share",0.00928454396504642,"several"
"976","China",2005,"firm_several_share",0.0095475300954753,"several"
"977","China",2006,"firm_several_share",0.00682360968952576,"several"
"978","China",2007,"firm_several_share",0.00591715976331361,"several"
"979","China",2008,"firm_several_share",0.00841584158415842,"several"
"980","China",2009,"firm_several_share",0.00735970561177553,"several"
"981","China",2010,"firm_several_share",0.010497000856898,"several"
"982","China",2011,"firm_several_share",0.0100591715976331,"several"
"983","China",2012,"firm_several_share",0.0116298388436617,"several"
"984","China",2013,"firm_several_share",0.012916483193894,"several"
"985","China",2014,"firm_several_share",0.0142933475821534,"several"
"986","China",2015,"firm_several_share",0.0186608122941822,"several"
"987","China",2016,"firm_several_share",0.0195657091155847,"several"
"988","China",2017,"firm_several_share",0.0204365503958913,"several"
"989","China",2018,"firm_several_share",0.024332667514073,"several"
"990","China",2019,"firm_several_share",0.0273587933247754,"several"
"991","China",2020,"firm_several_share",0.0236175115207373,"several"
"992","China",2021,"firm_several_share",0.0226165854960304,"several"
"993","France",1990,"firm_several_share",0.0989304812834225,"several"
"994","France",1991,"firm_several_share",0.0725,"several"
"995","France",1992,"firm_several_share",0.0968421052631579,"several"
"996","France",1993,"firm_several_share",0.103578154425612,"several"
"997","France",1994,"firm_several_share",0.113884555382215,"several"
"998","France",1995,"firm_several_share",0.102841677943166,"several"
"999","France",1996,"firm_several_share",0.122310305775764,"several"
"1000","France",1997,"firm_several_share",0.14961496149615,"several"
"1001","France",1998,"firm_several_share",0.144943820224719,"several"
"1002","France",1999,"firm_several_share",0.137278106508876,"several"
"1003","France",2000,"firm_several_share",0.131744040150565,"several"
"1004","France",2001,"firm_several_share",0.134517766497462,"several"
"1005","France",2002,"firm_several_share",0.12532981530343,"several"
"1006","France",2003,"firm_several_share",0.158163265306122,"several"
"1007","France",2004,"firm_several_share",0.117241379310345,"several"
"1008","France",2005,"firm_several_share",0.132992327365729,"several"
"1009","France",2006,"firm_several_share",0.122052704576976,"several"
"1010","France",2007,"firm_several_share",0.100267379679144,"several"
"1011","France",2008,"firm_several_share",0.0983847283406755,"several"
"1012","France",2009,"firm_several_share",0.0657342657342657,"several"
"1013","France",2010,"firm_several_share",0.0687593423019432,"several"
"1014","France",2011,"firm_several_share",0.0567164179104478,"several"
"1015","France",2012,"firm_several_share",0.0486111111111111,"several"
"1016","France",2013,"firm_several_share",0.0401785714285714,"several"
"1017","France",2014,"firm_several_share",0.0493827160493827,"several"
"1018","France",2015,"firm_several_share",0.0410742496050553,"several"
"1019","France",2016,"firm_several_share",0.0209339774557166,"several"
"1020","France",2017,"firm_several_share",0.0337423312883436,"several"
"1021","France",2018,"firm_several_share",0.0227642276422764,"several"
"1022","France",2019,"firm_several_share",0.0275650842266462,"several"
"1023","France",2020,"firm_several_share",0.0254491017964072,"several"
"1024","France",2021,"firm_several_share",0.019578313253012,"several"
"1025","Germany",1990,"firm_several_share",0.0132275132275132,"several"
"1026","Germany",1991,"firm_several_share",0.0075187969924812,"several"
"1027","Germany",1992,"firm_several_share",0.0113636363636364,"several"
"1028","Germany",1993,"firm_several_share",0.0151515151515152,"several"
"1029","Germany",1994,"firm_several_share",0.0209150326797386,"several"
"1030","Germany",1995,"firm_several_share",0.0185185185185185,"several"
"1031","Germany",1996,"firm_several_share",0.0156555772994129,"several"
"1032","Germany",1997,"firm_several_share",0.018970189701897,"several"
"1033","Germany",1998,"firm_several_share",0.014446227929374,"several"
"1034","Germany",1999,"firm_several_share",0.0104250200481155,"several"
"1035","Germany",2000,"firm_several_share",0.0163800163800164,"several"
"1036","Germany",2001,"firm_several_share",0.0149842271293375,"several"
"1037","Germany",2002,"firm_several_share",0.0157545605306799,"several"
"1038","Germany",2003,"firm_several_share",0.0208333333333333,"several"
"1039","Germany",2004,"firm_several_share",0.0181818181818182,"several"
"1040","Germany",2005,"firm_several_share",0.013188518231187,"several"
"1041","Germany",2006,"firm_several_share",0.0120096076861489,"several"
"1042","Germany",2007,"firm_several_share",0.00875912408759124,"several"
"1043","Germany",2008,"firm_several_share",0.0100541376643465,"several"
"1044","Germany",2009,"firm_several_share",0.0105580693815988,"several"
"1045","Germany",2010,"firm_several_share",0.00823353293413174,"several"
"1046","Germany",2011,"firm_several_share",0.0112951807228916,"several"
"1047","Germany",2012,"firm_several_share",0.019047619047619,"several"
"1048","Germany",2013,"firm_several_share",0.0087527352297593,"several"
"1049","Germany",2014,"firm_several_share",0.00376789751318764,"several"
"1050","Germany",2015,"firm_several_share",0.0159090909090909,"several"
"1051","Germany",2016,"firm_several_share",0.00798722044728434,"several"
"1052","Germany",2017,"firm_several_share",0.0080450522928399,"several"
"1053","Germany",2018,"firm_several_share",0.0072289156626506,"several"
"1054","Germany",2019,"firm_several_share",0.00779588944011339,"several"
"1055","Germany",2020,"firm_several_share",0.00664206642066421,"several"
"1056","Germany",2021,"firm_several_share",0.0118675827607745,"several"
"1057","Israel",1990,"firm_several_share",0,"several"
"1058","Israel",1991,"firm_several_share",0.0169491525423729,"several"
"1059","Israel",1992,"firm_several_share",0.0158730158730159,"several"
"1060","Israel",1993,"firm_several_share",0.0112359550561798,"several"
"1061","Israel",1994,"firm_several_share",0.0196078431372549,"several"
"1062","Israel",1995,"firm_several_share",0,"several"
"1063","Israel",1996,"firm_several_share",0.0232558139534884,"several"
"1064","Israel",1997,"firm_several_share",0.0277777777777778,"several"
"1065","Israel",1998,"firm_several_share",0.053030303030303,"several"
"1066","Israel",1999,"firm_several_share",0.0352112676056338,"several"
"1067","Israel",2000,"firm_several_share",0.0510948905109489,"several"
"1068","Israel",2001,"firm_several_share",0.0194805194805195,"several"
"1069","Israel",2002,"firm_several_share",0.0425531914893617,"several"
"1070","Israel",2003,"firm_several_share",0.041958041958042,"several"
"1071","Israel",2004,"firm_several_share",0.0264900662251656,"several"
"1072","Israel",2005,"firm_several_share",0.050314465408805,"several"
"1073","Israel",2006,"firm_several_share",0.0340909090909091,"several"
"1074","Israel",2007,"firm_several_share",0.0540540540540541,"several"
"1075","Israel",2008,"firm_several_share",0.0860927152317881,"several"
"1076","Israel",2009,"firm_several_share",0.0574712643678161,"several"
"1077","Israel",2010,"firm_several_share",0.0538922155688623,"several"
"1078","Israel",2011,"firm_several_share",0.0662650602409639,"several"
"1079","Israel",2012,"firm_several_share",0.0740740740740741,"several"
"1080","Israel",2013,"firm_several_share",0.050561797752809,"several"
"1081","Israel",2014,"firm_several_share",0.0975609756097561,"several"
"1082","Israel",2015,"firm_several_share",0.0625,"several"
"1083","Israel",2016,"firm_several_share",0.0709677419354839,"several"
"1084","Israel",2017,"firm_several_share",0.0588235294117647,"several"
"1085","Israel",2018,"firm_several_share",0.0548780487804878,"several"
"1086","Israel",2019,"firm_several_share",0.0631578947368421,"several"
"1087","Israel",2020,"firm_several_share",0.0169491525423729,"several"
"1088","Israel",2021,"firm_several_share",0.130081300813008,"several"
"1089","Italy",1990,"firm_several_share",0.00714285714285714,"several"
"1090","Italy",1991,"firm_several_share",0.0446927374301676,"several"
"1091","Italy",1992,"firm_several_share",0.0216450216450216,"several"
"1092","Italy",1993,"firm_several_share",0.0229885057471264,"several"
"1093","Italy",1994,"firm_several_share",0.0149253731343284,"several"
"1094","Italy",1995,"firm_several_share",0.0135869565217391,"several"
"1095","Italy",1996,"firm_several_share",0.0192307692307692,"several"
"1096","Italy",1997,"firm_several_share",0.0385395537525355,"several"
"1097","Italy",1998,"firm_several_share",0.0261437908496732,"several"
"1098","Italy",1999,"firm_several_share",0.0276595744680851,"several"
"1099","Italy",2000,"firm_several_share",0.0159045725646123,"several"
"1100","Italy",2001,"firm_several_share",0.0136674259681093,"several"
"1101","Italy",2002,"firm_several_share",0.0132827324478178,"several"
"1102","Italy",2003,"firm_several_share",0.0213592233009709,"several"
"1103","Italy",2004,"firm_several_share",0.00736648250460405,"several"
"1104","Italy",2005,"firm_several_share",0.0116086235489221,"several"
"1105","Italy",2006,"firm_several_share",0.00868055555555556,"several"
"1106","Italy",2007,"firm_several_share",0.00469483568075117,"several"
"1107","Italy",2008,"firm_several_share",0.00815660685154975,"several"
"1108","Italy",2009,"firm_several_share",0.00807754442649435,"several"
"1109","Italy",2010,"firm_several_share",0.00916030534351145,"several"
"1110","Italy",2011,"firm_several_share",0.0117994100294985,"several"
"1111","Italy",2012,"firm_several_share",0.0122699386503067,"several"
"1112","Italy",2013,"firm_several_share",0.0171919770773639,"several"
"1113","Italy",2014,"firm_several_share",0.0197268588770865,"several"
"1114","Italy",2015,"firm_several_share",0.0146412884333821,"several"
"1115","Italy",2016,"firm_several_share",0.00793650793650794,"several"
"1116","Italy",2017,"firm_several_share",0.016260162601626,"several"
"1117","Italy",2018,"firm_several_share",0.00813008130081301,"several"
"1118","Italy",2019,"firm_several_share",0.0103550295857988,"several"
"1119","Italy",2020,"firm_several_share",0.0139771283354511,"several"
"1120","Italy",2021,"firm_several_share",0.0186480186480186,"several"
"1121","Japan",1990,"firm_several_share",0.00492610837438424,"several"
"1122","Japan",1991,"firm_several_share",0.00436046511627907,"several"
"1123","Japan",1992,"firm_several_share",0.00459770114942529,"several"
"1124","Japan",1993,"firm_several_share",0.00654205607476636,"several"
"1125","Japan",1994,"firm_several_share",0.0085348506401138,"several"
"1126","Japan",1995,"firm_several_share",0.00637755102040816,"several"
"1127","Japan",1996,"firm_several_share",0.0061506919528447,"several"
"1128","Japan",1997,"firm_several_share",0.00717167189601076,"several"
"1129","Japan",1998,"firm_several_share",0.0135371179039301,"several"
"1130","Japan",1999,"firm_several_share",0.00741656365883807,"several"
"1131","Japan",2000,"firm_several_share",0.0063341250989707,"several"
"1132","Japan",2001,"firm_several_share",0.00345489443378119,"several"
"1133","Japan",2002,"firm_several_share",0.00555996822875298,"several"
"1134","Japan",2003,"firm_several_share",0.00694712466229255,"several"
"1135","Japan",2004,"firm_several_share",0.00446428571428571,"several"
"1136","Japan",2005,"firm_several_share",0.00463499420625724,"several"
"1137","Japan",2006,"firm_several_share",0.00291666666666667,"several"
"1138","Japan",2007,"firm_several_share",0.00249169435215947,"several"
"1139","Japan",2008,"firm_several_share",0.00839593460008838,"several"
"1140","Japan",2009,"firm_several_share",0.00764044943820225,"several"
"1141","Japan",2010,"firm_several_share",0.00716674629718108,"several"
"1142","Japan",2011,"firm_several_share",0.00674373795761079,"several"
"1143","Japan",2012,"firm_several_share",0.00522317188983856,"several"
"1144","Japan",2013,"firm_several_share",0.0054294175715696,"several"
"1145","Japan",2014,"firm_several_share",0.0032171581769437,"several"
"1146","Japan",2015,"firm_several_share",0.007210205213533,"several"
"1147","Japan",2016,"firm_several_share",0.00632911392405063,"several"
"1148","Japan",2017,"firm_several_share",0.0065437239738251,"several"
"1149","Japan",2018,"firm_several_share",0.00508762012436405,"several"
"1150","Japan",2019,"firm_several_share",0.00631820792647904,"several"
"1151","Japan",2020,"firm_several_share",0.00395033860045147,"several"
"1152","Japan",2021,"firm_several_share",0.00728787090057262,"several"
"1153","Netherlands",1990,"firm_several_share",0.00909090909090909,"several"
"1154","Netherlands",1991,"firm_several_share",0.0522388059701493,"several"
"1155","Netherlands",1992,"firm_several_share",0.0263157894736842,"several"
"1156","Netherlands",1993,"firm_several_share",0.0526315789473684,"several"
"1157","Netherlands",1994,"firm_several_share",0.0161290322580645,"several"
"1158","Netherlands",1995,"firm_several_share",0.00865800865800866,"several"
"1159","Netherlands",1996,"firm_several_share",0.0144927536231884,"several"
"1160","Netherlands",1997,"firm_several_share",0.029520295202952,"several"
"1161","Netherlands",1998,"firm_several_share",0.00671140939597315,"several"
"1162","Netherlands",1999,"firm_several_share",0.0218978102189781,"several"
"1163","Netherlands",2000,"firm_several_share",0.00389105058365759,"several"
"1164","Netherlands",2001,"firm_several_share",0.00760456273764259,"several"
"1165","Netherlands",2002,"firm_several_share",0.0235294117647059,"several"
"1166","Netherlands",2003,"firm_several_share",0.0289855072463768,"several"
"1167","Netherlands",2004,"firm_several_share",0.0164473684210526,"several"
"1168","Netherlands",2005,"firm_several_share",0.0289389067524116,"several"
"1169","Netherlands",2006,"firm_several_share",0.003125,"several"
"1170","Netherlands",2007,"firm_several_share",0.0162337662337662,"several"
"1171","Netherlands",2008,"firm_several_share",0.0291545189504373,"several"
"1172","Netherlands",2009,"firm_several_share",0.0142450142450142,"several"
"1173","Netherlands",2010,"firm_several_share",0.0184049079754601,"several"
"1174","Netherlands",2011,"firm_several_share",0.0239520958083832,"several"
"1175","Netherlands",2012,"firm_several_share",0.0194647201946472,"several"
"1176","Netherlands",2013,"firm_several_share",0.0128205128205128,"several"
"1177","Netherlands",2014,"firm_several_share",0.00748129675810474,"several"
"1178","Netherlands",2015,"firm_several_share",0.0145985401459854,"several"
"1179","Netherlands",2016,"firm_several_share",0.0130208333333333,"several"
"1180","Netherlands",2017,"firm_several_share",0.00273972602739726,"several"
"1181","Netherlands",2018,"firm_several_share",0.00717703349282297,"several"
"1182","Netherlands",2019,"firm_several_share",0.00980392156862745,"several"
"1183","Netherlands",2020,"firm_several_share",0.00497512437810945,"several"
"1184","Netherlands",2021,"firm_several_share",0.0105485232067511,"several"
"1185","South Korea",1990,"firm_several_share",0,"several"
"1186","South Korea",1991,"firm_several_share",0,"several"
"1187","South Korea",1992,"firm_several_share",0,"several"
"1188","South Korea",1993,"firm_several_share",0,"several"
"1189","South Korea",1994,"firm_several_share",0,"several"
"1190","South Korea",1995,"firm_several_share",0,"several"
"1191","South Korea",1996,"firm_several_share",0.0072463768115942,"several"
"1192","South Korea",1997,"firm_several_share",0,"several"
"1193","South Korea",1998,"firm_several_share",0,"several"
"1194","South Korea",1999,"firm_several_share",0.004149377593361,"several"
"1195","South Korea",2000,"firm_several_share",0,"several"
"1196","South Korea",2001,"firm_several_share",0,"several"
"1197","South Korea",2002,"firm_several_share",0,"several"
"1198","South Korea",2003,"firm_several_share",0.00255754475703325,"several"
"1199","South Korea",2004,"firm_several_share",0,"several"
"1200","South Korea",2005,"firm_several_share",0.00184842883548983,"several"
"1201","South Korea",2006,"firm_several_share",0,"several"
"1202","South Korea",2007,"firm_several_share",0,"several"
"1203","South Korea",2008,"firm_several_share",0,"several"
"1204","South Korea",2009,"firm_several_share",0.00254129606099111,"several"
"1205","South Korea",2010,"firm_several_share",0.00609756097560976,"several"
"1206","South Korea",2011,"firm_several_share",0.00211193241816262,"several"
"1207","South Korea",2012,"firm_several_share",0.00102249488752556,"several"
"1208","South Korea",2013,"firm_several_share",0.00106044538706257,"several"
"1209","South Korea",2014,"firm_several_share",0.000925925925925926,"several"
"1210","South Korea",2015,"firm_several_share",0.00437062937062937,"several"
"1211","South Korea",2016,"firm_several_share",0.000972762645914397,"several"
"1212","South Korea",2017,"firm_several_share",0.000918273645546373,"several"
"1213","South Korea",2018,"firm_several_share",0.00181818181818182,"several"
"1214","South Korea",2019,"firm_several_share",0.00165425971877585,"several"
"1215","South Korea",2020,"firm_several_share",0.00322841000807102,"several"
"1216","South Korea",2021,"firm_several_share",0.0032520325203252,"several"
"1217","Sweden",1990,"firm_several_share",0.0166666666666667,"several"
"1218","Sweden",1991,"firm_several_share",0.0384615384615385,"several"
"1219","Sweden",1992,"firm_several_share",0.0182926829268293,"several"
"1220","Sweden",1993,"firm_several_share",0.0233644859813084,"several"
"1221","Sweden",1994,"firm_several_share",0.0158730158730159,"several"
"1222","Sweden",1995,"firm_several_share",0,"several"
"1223","Sweden",1996,"firm_several_share",0.0187667560321716,"several"
"1224","Sweden",1997,"firm_several_share",0.00561797752808989,"several"
"1225","Sweden",1998,"firm_several_share",0.0163934426229508,"several"
"1226","Sweden",1999,"firm_several_share",0.0273224043715847,"several"
"1227","Sweden",2000,"firm_several_share",0.0132978723404255,"several"
"1228","Sweden",2001,"firm_several_share",0.0145772594752187,"several"
"1229","Sweden",2002,"firm_several_share",0.0119047619047619,"several"
"1230","Sweden",2003,"firm_several_share",0.0164383561643836,"several"
"1231","Sweden",2004,"firm_several_share",0.0167130919220056,"several"
"1232","Sweden",2005,"firm_several_share",0.0106951871657754,"several"
"1233","Sweden",2006,"firm_several_share",0.0236842105263158,"several"
"1234","Sweden",2007,"firm_several_share",0.0259067357512953,"several"
"1235","Sweden",2008,"firm_several_share",0.024390243902439,"several"
"1236","Sweden",2009,"firm_several_share",0.0187667560321716,"several"
"1237","Sweden",2010,"firm_several_share",0.0247252747252747,"several"
"1238","Sweden",2011,"firm_several_share",0.00617283950617284,"several"
"1239","Sweden",2012,"firm_several_share",0.0077120822622108,"several"
"1240","Sweden",2013,"firm_several_share",0.0249307479224377,"several"
"1241","Sweden",2014,"firm_several_share",0,"several"
"1242","Sweden",2015,"firm_several_share",0.0169491525423729,"several"
"1243","Sweden",2016,"firm_several_share",0.00609756097560976,"several"
"1244","Sweden",2017,"firm_several_share",0.0147492625368732,"several"
"1245","Sweden",2018,"firm_several_share",0.0244565217391304,"several"
"1246","Sweden",2019,"firm_several_share",0.0103359173126615,"several"
"1247","Sweden",2020,"firm_several_share",0.0165745856353591,"several"
"1248","Sweden",2021,"firm_several_share",0.0147783251231527,"several"
"1249","Switzerland",1990,"firm_several_share",0.0205479452054795,"several"
"1250","Switzerland",1991,"firm_several_share",0.0188679245283019,"several"
"1251","Switzerland",1992,"firm_several_share",0.0408163265306122,"several"
"1252","Switzerland",1993,"firm_several_share",0.0187793427230047,"several"
"1253","Switzerland",1994,"firm_several_share",0.013745704467354,"several"
"1254","Switzerland",1995,"firm_several_share",0.0397350993377483,"several"
"1255","Switzerland",1996,"firm_several_share",0.0501474926253687,"several"
"1256","Switzerland",1997,"firm_several_share",0.0383561643835616,"several"
"1257","Switzerland",1998,"firm_several_share",0.0529411764705882,"several"
"1258","Switzerland",1999,"firm_several_share",0.0309597523219814,"several"
"1259","Switzerland",2000,"firm_several_share",0.0290322580645161,"several"
"1260","Switzerland",2001,"firm_several_share",0.0321285140562249,"several"
"1261","Switzerland",2002,"firm_several_share",0.0317460317460317,"several"
"1262","Switzerland",2003,"firm_several_share",0.0454545454545455,"several"
"1263","Switzerland",2004,"firm_several_share",0.023728813559322,"several"
"1264","Switzerland",2005,"firm_several_share",0.0276679841897233,"several"
"1265","Switzerland",2006,"firm_several_share",0.0206185567010309,"several"
"1266","Switzerland",2007,"firm_several_share",0.0099009900990099,"several"
"1267","Switzerland",2008,"firm_several_share",0.0330882352941176,"several"
"1268","Switzerland",2009,"firm_several_share",0.0132013201320132,"several"
"1269","Switzerland",2010,"firm_several_share",0.0266666666666667,"several"
"1270","Switzerland",2011,"firm_several_share",0.0255591054313099,"several"
"1271","Switzerland",2012,"firm_several_share",0.0279329608938547,"several"
"1272","Switzerland",2013,"firm_several_share",0.0184049079754601,"several"
"1273","Switzerland",2014,"firm_several_share",0.026578073089701,"several"
"1274","Switzerland",2015,"firm_several_share",0.0254777070063694,"several"
"1275","Switzerland",2016,"firm_several_share",0.0212765957446809,"several"
"1276","Switzerland",2017,"firm_several_share",0.0321428571428571,"several"
"1277","Switzerland",2018,"firm_several_share",0.0313588850174216,"several"
"1278","Switzerland",2019,"firm_several_share",0.0344827586206897,"several"
"1279","Switzerland",2020,"firm_several_share",0.0123076923076923,"several"
"1280","Switzerland",2021,"firm_several_share",0.0122850122850123,"several"
"1281","United Kingdom",1990,"firm_several_share",0.0294117647058824,"several"
"1282","United Kingdom",1991,"firm_several_share",0.0482233502538071,"several"
"1283","United Kingdom",1992,"firm_several_share",0.0525252525252525,"several"
"1284","United Kingdom",1993,"firm_several_share",0.0447019867549669,"several"
"1285","United Kingdom",1994,"firm_several_share",0.0452418096723869,"several"
"1286","United Kingdom",1995,"firm_several_share",0.0282776349614396,"several"
"1287","United Kingdom",1996,"firm_several_share",0.0505263157894737,"several"
"1288","United Kingdom",1997,"firm_several_share",0.0491118077324974,"several"
"1289","United Kingdom",1998,"firm_several_share",0.0402414486921529,"several"
"1290","United Kingdom",1999,"firm_several_share",0.0442764578833693,"several"
"1291","United Kingdom",2000,"firm_several_share",0.0482832618025751,"several"
"1292","United Kingdom",2001,"firm_several_share",0.0369978858350951,"several"
"1293","United Kingdom",2002,"firm_several_share",0.0383720930232558,"several"
"1294","United Kingdom",2003,"firm_several_share",0.0469879518072289,"several"
"1295","United Kingdom",2004,"firm_several_share",0.0327868852459016,"several"
"1296","United Kingdom",2005,"firm_several_share",0.0288248337028825,"several"
"1297","United Kingdom",2006,"firm_several_share",0.019790454016298,"several"
"1298","United Kingdom",2007,"firm_several_share",0.0236220472440945,"several"
"1299","United Kingdom",2008,"firm_several_share",0.0151515151515152,"several"
"1300","United Kingdom",2009,"firm_several_share",0.0157068062827225,"several"
"1301","United Kingdom",2010,"firm_several_share",0.0121145374449339,"several"
"1302","United Kingdom",2011,"firm_several_share",0.0173410404624277,"several"
"1303","United Kingdom",2012,"firm_several_share",0.0207900207900208,"several"
"1304","United Kingdom",2013,"firm_several_share",0.0155382907880133,"several"
"1305","United Kingdom",2014,"firm_several_share",0.0122494432071269,"several"
"1306","United Kingdom",2015,"firm_several_share",0.00891861761426979,"several"
"1307","United Kingdom",2016,"firm_several_share",0.0112994350282486,"several"
"1308","United Kingdom",2017,"firm_several_share",0.0155502392344498,"several"
"1309","United Kingdom",2018,"firm_several_share",0.013840830449827,"several"
"1310","United Kingdom",2019,"firm_several_share",0.00867678958785249,"several"
"1311","United Kingdom",2020,"firm_several_share",0.0104166666666667,"several"
"1312","United Kingdom",2021,"firm_several_share",0.0101476014760148,"several"
"1313","United States",1990,"firm_several_share",0.0128084973445798,"several"
"1314","United States",1991,"firm_several_share",0.0111389585073796,"several"
"1315","United States",1992,"firm_several_share",0.0136919315403423,"several"
"1316","United States",1993,"firm_several_share",0.013131537947919,"several"
"1317","United States",1994,"firm_several_share",0.0146165527714503,"several"
"1318","United States",1995,"firm_several_share",0.0162011173184358,"several"
"1319","United States",1996,"firm_several_share",0.0208030258946756,"several"
"1320","United States",1997,"firm_several_share",0.0261427676894177,"several"
"1321","United States",1998,"firm_several_share",0.021875,"several"
"1322","United States",1999,"firm_several_share",0.0257326661901358,"several"
"1323","United States",2000,"firm_several_share",0.0272255060003582,"several"
"1324","United States",2001,"firm_several_share",0.0220984215413185,"several"
"1325","United States",2002,"firm_several_share",0.0192604006163328,"several"
"1326","United States",2003,"firm_several_share",0.0247226007397314,"several"
"1327","United States",2004,"firm_several_share",0.0209143068665556,"several"
"1328","United States",2005,"firm_several_share",0.0217063042657607,"several"
"1329","United States",2006,"firm_several_share",0.0194193061840121,"several"
"1330","United States",2007,"firm_several_share",0.015255530129672,"several"
"1331","United States",2008,"firm_several_share",0.0199089874857793,"several"
"1332","United States",2009,"firm_several_share",0.0173151750972763,"several"
"1333","United States",2010,"firm_several_share",0.0170554793177808,"several"
"1334","United States",2011,"firm_several_share",0.0206400302972922,"several"
"1335","United States",2012,"firm_several_share",0.0154921594558851,"several"
"1336","United States",2013,"firm_several_share",0.0162337662337662,"several"
"1337","United States",2014,"firm_several_share",0.0169921875,"several"
"1338","United States",2015,"firm_several_share",0.0172904800650936,"several"
"1339","United States",2016,"firm_several_share",0.013299556681444,"several"
"1340","United States",2017,"firm_several_share",0.0118473014480035,"several"
"1341","United States",2018,"firm_several_share",0.0166497461928934,"several"
"1342","United States",2019,"firm_several_share",0.0124801901743265,"several"
"1343","United States",2020,"firm_several_share",0.0136094674556213,"several"
"1344","United States",2021,"firm_several_share",0.0185427982768309,"several"
